{"InputShaping":{"id":"InputShaping","name":"Input Shaping","author":"Duet3D Ltd","version":"3.4.0-b1","license":"GPL-3.0-or-later","homepage":"https://github.com/Duet3D/DSF-Plugins","dwcVersion":"3.4","dwcDependencies":[],"sbcRequired":false,"sbcDsfVersion":null,"sbcData":{},"sbcExecutable":null,"sbcExecutableArguments":null,"sbcExtraExecutables":[],"sbcOutputRedirected":true,"sbcPermissions":[],"sbcPackageDependencies":[],"sbcPythonDependencies":[],"sbcPluginDependencies":[],"rrfVersion":null,"dsfFiles":[],"dwcFiles":["css/InputShaping.5c7866e8.css","css/InputShaping.5c7866e8.css.gz","js/InputShaping.b89c7975.js","js/InputShaping.b89c7975.js.gz","js/InputShaping.b89c7975.js.map","js/InputShaping.b89c7975.js.map.gz"],"sdFiles":[],"pid":-1},"ReleaseMgr":{"id":"ReleaseMgr","name":"ReleaseMgr","author":"Minty Trebor","version":"0.01.13","license":"GPL-3.0-or-later","homepage":"https://github.com/MintyTrebor","dwcVersion":"3.4","dwcDependencies":[],"sbcRequired":false,"sbcDsfVersion":null,"sbcData":{},"sbcExecutable":null,"sbcExecutableArguments":null,"sbcExtraExecutables":[],"sbcOutputRedirected":true,"sbcPermissions":[],"sbcPackageDependencies":[],"sbcPythonDependencies":[],"sbcPluginDependencies":[],"rrfVersion":null,"dwcWebpackChunk":"ReleaseMgr","dependencies":{"axios":"^0.21.1","marked":"^4.0.12"},"dsfFiles":[],"dwcFiles":["ReleaseMgr.fe7ce7b4.css.gz","ReleaseMgr.fe7ce7b4.css","ReleaseMgr.ebc09ee1.js.gz","ReleaseMgr.ebc09ee1.js.map.gz","ReleaseMgr.ebc09ee1.js","ReleaseMgr.ebc09ee1.js.map"],"sdFiles":[],"pid":-1},"EndstopsMonitor":{"id":"EndstopsMonitor","name":"Endstops Monitor","author":"Duet3D Ltd","version":"3.4.0","license":"GPL-3.0-or-later","homepage":"https://github.com/Duet3D/DSF-Plugins","dwcVersion":"3.4","dwcDependencies":[],"sbcRequired":false,"sbcDsfVersion":null,"sbcData":{},"sbcExecutable":null,"sbcExecutableArguments":null,"sbcExtraExecutables":[],"sbcOutputRedirected":true,"sbcPermissions":[],"sbcPackageDependencies":[],"sbcPythonDependencies":[],"sbcPluginDependencies":[],"rrfVersion":null,"dsfFiles":[],"dwcFiles":["js/EndstopsMonitor.0416dadf.js","js/EndstopsMonitor.0416dadf.js.gz","js/EndstopsMonitor.0416dadf.js.map.gz","js/EndstopsMonitor.0416dadf.js.map"],"sdFiles":[],"pid":-1},"ObjectCancel":{"id":"ObjectCancel","name":"Object Cancel","author":"Juan Rosario","version":"1.1.0","license":"LGPL-3.0-or-later","homepage":"https://github.com/Sindarius/ObjectCancelPlugin","dwcVersion":"3.4","dwcDependencies":[],"sbcRequired":false,"sbcDsfVersion":null,"sbcData":{},"sbcExecutable":null,"sbcExecutableArguments":null,"sbcExtraExecutables":[],"sbcOutputRedirected":true,"sbcPermissions":[],"sbcPackageDependencies":[],"sbcPythonDependencies":[],"sbcPluginDependencies":[],"rrfVersion":null,"dsfFiles":[],"dwcFiles":["css/ObjectCancel.95d8162e.css","css/ObjectCancel.95d8162e.css.gz","js/ObjectCancel.8a91149c.js","js/ObjectCancel.8a91149c.js.gz","js/ObjectCancel.8a91149c.js.map.gz","js/ObjectCancel.8a91149c.js.map"],"sdFiles":[],"pid":-1}}