[{"name":"GCodeViewer","author":"Juan Rosario","version":"0.12.1","license":"LGPL-3.0-or-later","sourceRepository":null,"dwcVersion":"3.2.0","dwcDependencies":[],"dwcWebpackChunk":"GCodeViewer","sbcRequired":false,"sbcDsfVersion":null,"sbcData":{},"sbcExecutable":null,"sbcExecutableArguments":null,"sbcOutputRedirected":true,"sbcPermissions":[],"sbcPackageDependencies":[],"sbcPluginDependencies":[],"rrfVersion":null,"dwcFiles":["GCodeViewer.60a0a2d8.js","GCodeViewer.bb9eb110.css"],"sbcFiles":[],"rrfFiles":[],"pid":-1}]