{"EndstopsMonitor":{"id":"EndstopsMonitor","name":"Endstops Monitor","author":"Duet3D Ltd","version":"3.4.0-b7","license":"GPL-3.0-or-later","homepage":"https://github.com/Duet3D/DSF-Plugins","dwcVersion":"3.4.0-b7","dwcDependencies":[],"sbcRequired":false,"sbcDsfVersion":null,"sbcData":{},"sbcExecutable":null,"sbcExecutableArguments":null,"sbcExtraExecutables":[],"sbcOutputRedirected":true,"sbcPermissions":[],"sbcPackageDependencies":[],"sbcPluginDependencies":[],"rrfVersion":null,"dsfFiles":[],"dwcFiles":["js/EndstopsMonitor.34bee59e.js","js/EndstopsMonitor.34bee59e.js.map","js/EndstopsMonitor.34bee59e.js.map.gz","js/EndstopsMonitor.34bee59e.js.gz"],"sdFiles":[],"pid":-1}}