{"main":{"language":"en","lastHostname":"m-max.local","darkTheme":false,"useBinaryPrefix":true,"disableAutoComplete":false,"settingsStorageLocal":false,"settingsSaveDelay":2000,"cacheStorageLocal":true,"cacheSaveDelay":4000,"notifications":{"errorsPersistent":true,"timeout":5000},"webcam":{"url":"","updateInterval":5000,"liveUrl":"","useFix":false,"embedded":false,"rotation":0,"flip":"none"},"enabledPlugins":["Height Map"],"plugins":{}},"machine":{"ajaxRetries":2,"updateInterval":250,"extendedUpdateEvery":20,"fileTransferRetryThreshold":358400,"crcUploads":true,"pingInterval":2000,"updateDelay":0,"babystepAmount":0.05,"codes":["M0","M1","M115 B121","M115 vB121","M122 B121","M303 H0 S100","M303 H1 S100","M303 T0 S250","M307 H0","M401","M402","M409","M409 \"state\"","M409 \"v\"","M409 K\"printing\"","M500","M572 D0 S0","M84","M906","M906 E1200","M906 E1300","M906 E1350","M906 E1400","M906 E1500","M906 E1600","M906 E1700","M906 E1800","M997 B121","M997 B121 S3","T0","g31","m115","m119","m303 H0 S100","m92","m92 E450"],"displayedExtraTemperatures":[],"displayedExtruders":[0,1],"displayedFans":[-1],"moveSteps":{"X":[100,50,10,1,0.1],"Y":[100,50,10,1,0.1],"Z":[50,25,5,0.5,0.05],"default":[100,50,10,1,0.1]},"moveFeedrate":6000,"extruderAmounts":[100,50,20,10,5,1],"extruderFeedrates":[60,30,15,5,1],"temperatures":{"tool":{"active":[250,235,220,205,195,160,120,100,0],"standby":[210,180,160,140,0]},"bed":{"active":[110,100,90,70,65,60,0],"standby":[40,30,0]},"chamber":[90,80,70,60,50,40,0]},"spindleRPM":[10000,75000,5000,2500,1000,0],"enabledPlugins":["GCodeViewer"],"plugins":{}}}